dataset,config,compressed_bytes,compression_ratio_pct,bits_per_base,encode_time_s,decode_time_s,lossless,error,sequence_ordering,use_approximate,use_reverse_complement,use_token_entropy
codon_conserved_variation_test.fasta,compact_baseline,8377,35.43120585374106,2.8344964682992853,0.031183750834316015,0.027889598160982132,True,,False,False,False,False
codon_conserved_variation_test.fasta,use_token_entropy,6501,27.496510595102148,2.1997208476081718,0.029152743984013796,0.02693338133394718,True,,False,False,False,True
codon_conserved_variation_test.fasta,use_reverse_complement,13787,58.31324282028507,4.665059425622806,2.1192204081453383,0.024985973723232746,True,,False,False,True,False
codon_conserved_variation_test.fasta,use_reverse_complement+use_token_entropy,13787,58.31324282028507,4.665059425622806,2.126723595894873,0.024896805174648762,True,,False,False,True,True
codon_conserved_variation_test.fasta,use_approximate,16462,69.62737385272597,5.570189908218077,1.3741926662623882,0.017236616928130388,True,,False,True,False,False
codon_conserved_variation_test.fasta,use_approximate+use_token_entropy,16462,69.62737385272597,5.570189908218077,1.373708883766085,0.017467371188104153,True,,False,True,False,True
codon_conserved_variation_test.fasta,use_approximate+use_reverse_complement,16462,69.62737385272597,5.570189908218077,3.0028932532295585,0.017197768669575453,True,,False,True,True,False
codon_conserved_variation_test.fasta,use_approximate+use_reverse_complement+use_token_entropy,16462,69.62737385272597,5.570189908218077,3.004470595624298,0.0171375279314816,True,,False,True,True,True
codon_conserved_variation_test.fasta,sequence_ordering,8484,35.8837710950387,2.870701687603096,0.027321031782776117,0.02468237094581127,True,,True,False,False,False
codon_conserved_variation_test.fasta,sequence_ordering+use_token_entropy,6682,28.262064881783193,2.2609651905426555,0.027560793794691563,0.024652019143104553,True,,True,False,False,True
codon_conserved_variation_test.fasta,sequence_ordering+use_reverse_complement,15986,67.61409296620565,5.409127437296451,2.4787215921096504,0.022951366379857063,True,,True,False,True,False
codon_conserved_variation_test.fasta,sequence_ordering+use_reverse_complement+use_token_entropy,15986,67.61409296620565,5.409127437296451,2.4796678139828146,0.02233734494075179,True,,True,False,True,True
codon_conserved_variation_test.fasta,sequence_ordering+use_approximate,17484,73.95000634437254,5.9160005075498034,1.4522229181602597,0.01666565239429474,True,,True,True,False,False
codon_conserved_variation_test.fasta,sequence_ordering+use_approximate+use_token_entropy,17484,73.95000634437254,5.9160005075498034,1.4436101340688765,0.016780911013484,True,,True,True,False,True
codon_conserved_variation_test.fasta,sequence_ordering+use_approximate+use_reverse_complement,17484,73.95000634437254,5.9160005075498034,3.376111045014113,0.016274993307888508,True,,True,True,True,False
codon_conserved_variation_test.fasta,sequence_ordering+use_approximate+use_reverse_complement+use_token_entropy,17484,73.95000634437254,5.9160005075498034,3.3778244289569557,0.0164389256387949,True,,True,True,True,True
lambda_phage.fasta,compact_baseline,16185,33.36975794812585,2.669580635850068,18.142256838735193,17.69280468299985,True,,False,False,False,False
lambda_phage.fasta,use_token_entropy,12294,25.34740835429467,2.0277926683435736,18.145970114972442,17.67966035893187,True,,False,False,False,True
lambda_phage.fasta,use_reverse_complement,16187,33.37388148942312,2.6699105191538495,18.13842421770096,17.68147042300552,True,,False,False,True,False
lambda_phage.fasta,use_reverse_complement+use_token_entropy,16187,33.37388148942312,2.6699105191538495,18.01906652795151,17.710276613011956,True,,False,False,True,True
lambda_phage.fasta,use_approximate,16187,33.37388148942312,2.6699105191538495,17.949401802849025,17.736122515052557,True,,False,True,False,False
lambda_phage.fasta,use_approximate+use_token_entropy,16187,33.37388148942312,2.6699105191538495,17.923724351916462,17.918549570720643,True,,False,True,False,True
lambda_phage.fasta,use_approximate+use_reverse_complement,16187,33.37388148942312,2.6699105191538495,17.972684171050787,17.746521460823715,True,,False,True,True,False
lambda_phage.fasta,use_approximate+use_reverse_complement+use_token_entropy,16187,33.37388148942312,2.6699105191538495,17.92640460981056,17.73764628311619,True,,False,True,True,True
lambda_phage.fasta,sequence_ordering,16185,33.36975794812585,2.669580635850068,18.036390309222043,17.748772158287466,True,,True,False,False,False
lambda_phage.fasta,sequence_ordering+use_token_entropy,12294,25.34740835429467,2.0277926683435736,18.0256104208529,17.806691497098655,True,,True,False,False,True
lambda_phage.fasta,sequence_ordering+use_reverse_complement,16187,33.37388148942312,2.6699105191538495,17.919728300068527,17.73475072393194,True,,True,False,True,False
lambda_phage.fasta,sequence_ordering+use_reverse_complement+use_token_entropy,16187,33.37388148942312,2.6699105191538495,17.915339244063944,17.791237702127546,True,,True,False,True,True
lambda_phage.fasta,sequence_ordering+use_approximate,16187,33.37388148942312,2.6699105191538495,17.99962994689122,17.753043833188713,True,,True,True,False,False
lambda_phage.fasta,sequence_ordering+use_approximate+use_token_entropy,16187,33.37388148942312,2.6699105191538495,17.970644365996122,17.734977137297392,True,,True,True,False,True
lambda_phage.fasta,sequence_ordering+use_approximate+use_reverse_complement,16187,33.37388148942312,2.6699105191538495,17.929422320332378,17.76981372665614,True,,True,True,True,False
lambda_phage.fasta,sequence_ordering+use_approximate+use_reverse_complement+use_token_entropy,16187,33.37388148942312,2.6699105191538495,17.94016471412033,17.770471272058785,True,,True,True,True,True
large_test.fasta,compact_baseline,8010,39.914291409208694,3.1931433127366953,0.05944475578144193,0.055408751126378775,True,,False,False,False,False
large_test.fasta,use_token_entropy,5009,24.960135539166835,1.9968108431333467,0.057373051065951586,0.05559266684576869,True,,False,False,False,True
large_test.fasta,use_reverse_complement,14355,71.53179190751445,5.722543352601156,2.332642569206655,0.03066720301285386,True,,False,False,True,False
large_test.fasta,use_reverse_complement+use_token_entropy,14355,71.53179190751445,5.722543352601156,2.3295790408737957,0.03013652889057994,True,,False,False,True,True
large_test.fasta,use_approximate,17344,86.42615108630656,6.914092086904525,1.03118209913373,0.017453957814723253,True,,False,True,False,False
large_test.fasta,use_approximate+use_token_entropy,17344,86.42615108630656,6.914092086904525,1.0328207802958786,0.01777612790465355,True,,False,True,False,True
large_test.fasta,use_approximate+use_reverse_complement,17344,86.42615108630656,6.914092086904525,2.787565531209111,0.017504389863461256,True,,False,True,True,False
large_test.fasta,use_approximate+use_reverse_complement+use_token_entropy,17344,86.42615108630656,6.914092086904525,2.789384576957673,0.017431050073355436,True,,False,True,True,True
large_test.fasta,sequence_ordering,7863,39.181781941399244,3.1345425553119393,0.07262827502563596,0.07119927695021033,True,,True,False,False,False
large_test.fasta,sequence_ordering+use_token_entropy,4856,24.19772772573251,1.9358182180586008,0.07304167561233044,0.07072250405326486,True,,True,False,False,True
large_test.fasta,sequence_ordering+use_reverse_complement,15310,76.29061191947379,6.1032489535579035,2.667001119814813,0.04239753820002079,True,,True,False,True,False
large_test.fasta,sequence_ordering+use_reverse_complement+use_token_entropy,15310,76.29061191947379,6.1032489535579035,2.664398344233632,0.04307145019993186,True,,True,False,True,True
large_test.fasta,sequence_ordering+use_approximate,20586,102.5812238389476,8.206497907115807,0.8511455343104899,0.021570900920778513,True,,True,True,False,False
large_test.fasta,sequence_ordering+use_approximate+use_token_entropy,20586,102.5812238389476,8.206497907115807,0.8600545539520681,0.02133202599361539,True,,True,True,False,True
large_test.fasta,sequence_ordering+use_approximate+use_reverse_complement,20586,102.5812238389476,8.206497907115807,2.8845390863716602,0.0213547321036458,True,,True,True,True,False
large_test.fasta,sequence_ordering+use_approximate+use_reverse_complement+use_token_entropy,20586,102.5812238389476,8.206497907115807,2.886433753184974,0.02132959896698594,True,,True,True,True,True
medium_test.fasta,compact_baseline,3206,40.92417666581568,3.273934133265254,0.015394598245620728,0.014369126874953508,True,,False,False,False,False
medium_test.fasta,use_token_entropy,2004,25.580801633903498,2.04646413071228,0.015192089136689901,0.014522820711135864,True,,False,False,False,True
medium_test.fasta,use_reverse_complement,6516,83.17589992341078,6.654071993872862,0.30798386596143246,0.006741275079548359,True,,False,False,True,False
medium_test.fasta,use_reverse_complement+use_token_entropy,6516,83.17589992341078,6.654071993872862,0.3085362883284688,0.006611548829823732,True,,False,False,True,True
medium_test.fasta,use_approximate,6144,78.42736788358438,6.27418943068675,0.22411651816219091,0.005288996733725071,True,,False,True,False,False
medium_test.fasta,use_approximate+use_token_entropy,6144,78.42736788358438,6.27418943068675,0.22361114295199513,0.005253924988210201,True,,False,True,False,True
medium_test.fasta,use_approximate+use_reverse_complement,6144,78.42736788358438,6.27418943068675,0.4629233260639012,0.00540520204231143,True,,False,True,True,False
medium_test.fasta,use_approximate+use_reverse_complement+use_token_entropy,6144,78.42736788358438,6.27418943068675,0.4621320809237659,0.005313235800713301,True,,False,True,True,True
medium_test.fasta,sequence_ordering,3019,38.53714577482768,3.082971661986214,0.02030257787555456,0.019501566886901855,True,,True,False,False,False
medium_test.fasta,sequence_ordering+use_token_entropy,1894,24.17666581567526,1.9341332652540209,0.020282818004488945,0.019213188905268908,True,,True,False,False,True
medium_test.fasta,sequence_ordering+use_reverse_complement,4682,59.76512637222364,4.781210109777891,0.18850780418142676,0.011030049063265324,True,,True,False,True,False
medium_test.fasta,sequence_ordering+use_reverse_complement+use_token_entropy,4682,59.76512637222364,4.781210109777891,0.18947229906916618,0.010997026693075895,True,,True,False,True,True
medium_test.fasta,sequence_ordering+use_approximate,6969,88.95838652029614,7.116670921623691,0.1352255390956998,0.007859031669795513,True,,True,True,False,False
medium_test.fasta,sequence_ordering+use_approximate+use_token_entropy,6969,88.95838652029614,7.116670921623691,0.13527384214103222,0.00780378608033061,True,,True,True,False,True
medium_test.fasta,sequence_ordering+use_approximate+use_reverse_complement,6969,88.95838652029614,7.116670921623691,0.36060281191021204,0.00785044115036726,True,,True,True,True,False
medium_test.fasta,sequence_ordering+use_approximate+use_reverse_complement+use_token_entropy,6969,88.95838652029614,7.116670921623691,0.3624358708038926,0.00783831300213933,True,,True,True,True,True
phiX174.fasta,compact_baseline,1812,33.642777571481616,2.6914222057185295,0.21412245696410537,0.21760116796940565,True,,False,False,False,False
phiX174.fasta,use_token_entropy,1398,25.956182695878205,2.0764946156702564,0.21442034700885415,0.21739261504262686,True,,False,False,False,True
phiX174.fasta,use_reverse_complement,1814,33.67991088005942,2.6943928704047533,0.215299179777503,0.21762203611433506,True,,False,False,True,False
phiX174.fasta,use_reverse_complement+use_token_entropy,1814,33.67991088005942,2.6943928704047533,0.21397476131096482,0.21864559408277273,True,,False,False,True,True
phiX174.fasta,use_approximate,1814,33.67991088005942,2.6943928704047533,0.21663671638816595,0.21971016703173518,True,,False,True,False,False
phiX174.fasta,use_approximate+use_token_entropy,1814,33.67991088005942,2.6943928704047533,0.21447046799585223,0.217129226308316,True,,False,True,False,True
phiX174.fasta,use_approximate+use_reverse_complement,1814,33.67991088005942,2.6943928704047533,0.2143768100067973,0.2183982292190194,True,,False,True,True,False
phiX174.fasta,use_approximate+use_reverse_complement+use_token_entropy,1814,33.67991088005942,2.6943928704047533,0.21411633491516113,0.21710312087088823,True,,False,True,True,True
phiX174.fasta,sequence_ordering,1812,33.642777571481616,2.6914222057185295,0.21406047092750669,0.21781714167445898,True,,True,False,False,False
phiX174.fasta,sequence_ordering+use_token_entropy,1398,25.956182695878205,2.0764946156702564,0.21385917766019702,0.2208896828815341,True,,True,False,False,True
phiX174.fasta,sequence_ordering+use_reverse_complement,1814,33.67991088005942,2.6943928704047533,0.21401031874120235,0.21505119698122144,True,,True,False,True,False
phiX174.fasta,sequence_ordering+use_reverse_complement+use_token_entropy,1814,33.67991088005942,2.6943928704047533,0.21414487715810537,0.21453821286559105,True,,True,False,True,True
phiX174.fasta,sequence_ordering+use_approximate,1814,33.67991088005942,2.6943928704047533,0.2135606510564685,0.21392877493053675,True,,True,True,False,False
phiX174.fasta,sequence_ordering+use_approximate+use_token_entropy,1814,33.67991088005942,2.6943928704047533,0.21389194298535585,0.21458578808233142,True,,True,True,False,True
phiX174.fasta,sequence_ordering+use_approximate+use_reverse_complement,1814,33.67991088005942,2.6943928704047533,0.21364631596952677,0.21351326908916235,True,,True,True,True,False
phiX174.fasta,sequence_ordering+use_approximate+use_reverse_complement+use_token_entropy,1814,33.67991088005942,2.6943928704047533,0.21368028968572617,0.21522789634764194,True,,True,True,True,True
repetitive_codon_test.fasta,compact_baseline,8603,37.12830693539338,2.9702645548314703,0.11607129219919443,0.11527282558381557,True,,False,False,False,False
repetitive_codon_test.fasta,use_token_entropy,2263,9.766518492943765,0.7813214794355012,0.11581417685374618,0.11289536627009511,True,,False,False,False,True
repetitive_codon_test.fasta,use_reverse_complement,16251,70.13508264641146,5.610806611712917,5.169857547618449,0.07407858036458492,True,,False,False,True,False
repetitive_codon_test.fasta,use_reverse_complement+use_token_entropy,16251,70.13508264641146,5.610806611712917,5.1658122623339295,0.0747405020520091,True,,False,False,True,True
repetitive_codon_test.fasta,use_approximate,23770,102.58512796167622,8.206810236934098,0.8406051909551024,0.0216652718372643,True,,False,True,False,False
repetitive_codon_test.fasta,use_approximate+use_token_entropy,23770,102.58512796167622,8.206810236934098,0.8408575300127268,0.021492603700608015,True,,False,True,False,True
repetitive_codon_test.fasta,use_approximate+use_reverse_complement,23770,102.58512796167622,8.206810236934098,3.367483197245747,0.02189317485317588,True,,False,True,True,False
repetitive_codon_test.fasta,use_approximate+use_reverse_complement+use_token_entropy,23770,102.58512796167622,8.206810236934098,3.3661677432246506,0.02144860988482833,True,,False,True,True,True
repetitive_codon_test.fasta,sequence_ordering,8570,36.985887531828574,2.958871002546286,0.09968422679230571,0.09576973179355264,True,,True,False,False,False
repetitive_codon_test.fasta,sequence_ordering+use_token_entropy,2503,10.802295973415045,0.8641836778732036,0.09992027096450329,0.09589624172076583,True,,True,False,False,True
repetitive_codon_test.fasta,sequence_ordering+use_reverse_complement,19162,82.69820033662768,6.6158560269302145,2.439391986001283,0.034099701792001724,True,,True,False,True,False
repetitive_codon_test.fasta,sequence_ordering+use_reverse_complement+use_token_entropy,19162,82.69820033662768,6.6158560269302145,2.4400030220858753,0.031601808965206146,True,,True,False,True,True
repetitive_codon_test.fasta,sequence_ordering+use_approximate,23039,99.4303223857408,7.954425790859264,0.8075094250962138,0.021774257067590952,True,,True,True,False,False
repetitive_codon_test.fasta,sequence_ordering+use_approximate+use_token_entropy,23039,99.4303223857408,7.954425790859264,0.8068359191529453,0.021712610963732004,True,,True,True,False,True
repetitive_codon_test.fasta,sequence_ordering+use_approximate+use_reverse_complement,23039,99.4303223857408,7.954425790859264,3.284172696992755,0.02206604741513729,True,,True,True,True,False
repetitive_codon_test.fasta,sequence_ordering+use_approximate+use_reverse_complement+use_token_entropy,23039,99.4303223857408,7.954425790859264,3.281405733898282,0.02186497999355197,True,,True,True,True,True
small_test.fasta,compact_baseline,892,35.909822866344605,2.8727858293075683,0.008231644984334707,0.00813151802867651,True,,False,False,False,False
small_test.fasta,use_token_entropy,464,18.679549114331724,1.4943639291465378,0.008229869417846203,0.008072879631072283,True,,False,False,False,True
small_test.fasta,use_reverse_complement,916,36.87600644122383,2.9500805152979064,0.010489209089428186,0.008107567206025124,True,,False,False,True,False
small_test.fasta,use_reverse_complement+use_token_entropy,916,36.87600644122383,2.9500805152979064,0.010442745871841908,0.008078143000602722,True,,False,False,True,True
small_test.fasta,use_approximate,1970,79.30756843800322,6.344605475040257,0.03400881914421916,0.003382090013474226,True,,False,True,False,False
small_test.fasta,use_approximate+use_token_entropy,1970,79.30756843800322,6.344605475040257,0.034085921943187714,0.0033976570703089237,True,,False,True,False,True
small_test.fasta,use_approximate+use_reverse_complement,1970,79.30756843800322,6.344605475040257,0.07324224198237062,0.0033689220435917377,True,,False,True,True,False
small_test.fasta,use_approximate+use_reverse_complement+use_token_entropy,1970,79.30756843800322,6.344605475040257,0.07340206298977137,0.00345432898029685,True,,False,True,True,True
small_test.fasta,sequence_ordering,907,36.513687600644126,2.92109500805153,0.007393578067421913,0.0072324927896261215,True,,True,False,False,False
small_test.fasta,sequence_ordering+use_token_entropy,476,19.162640901771336,1.5330112721417068,0.0074236742220819,0.007207357324659824,True,,True,False,False,True
small_test.fasta,sequence_ordering+use_reverse_complement,947,38.12399355877617,3.0499194847020936,0.011980433017015457,0.007231420837342739,True,,True,False,True,False
small_test.fasta,sequence_ordering+use_reverse_complement+use_token_entropy,947,38.12399355877617,3.0499194847020936,0.011914177797734737,0.00720002967864275,True,,True,False,True,True
small_test.fasta,sequence_ordering+use_approximate,2575,103.6634460547504,8.293075684380032,0.021853397134691477,0.0028193150646984577,True,,True,True,False,False
small_test.fasta,sequence_ordering+use_approximate+use_token_entropy,2575,103.6634460547504,8.293075684380032,0.02172941481694579,0.002818658947944641,True,,True,True,False,True
small_test.fasta,sequence_ordering+use_approximate+use_reverse_complement,2575,103.6634460547504,8.293075684380032,0.05512774735689163,0.002814612351357937,True,,True,True,True,False
small_test.fasta,sequence_ordering+use_approximate+use_reverse_complement+use_token_entropy,2575,103.6634460547504,8.293075684380032,0.05505638895556331,0.0028122281655669212,True,,True,True,True,True
