algorithm,dataset,original_size,compressed_size,encode_time,decode_time,peak_memory,dictionary_size,original_bases,lossless,compression_ratio_%,bits_per_base,encode_throughput_bases_per_sec,decode_throughput_bases_per_sec
VCSDplus,codon_conserved_variation_test.fasta,23643,8484,0.030118675902485847,0.025331933051347733,6.093747138977051,158.287109375,23643,True,35.8838,2.8707,784994.6683,933327.9048
VCSDplus_entropy,codon_conserved_variation_test.fasta,23643,6682,0.028480108361691236,0.02540705306455493,5.460367202758789,158.287109375,23643,True,28.2621,2.261,830158.3582,930568.3717
DNACompress,codon_conserved_variation_test.fasta,23643,9541,0.02344488399103284,0.0011576851829886436,4.314470291137695,184.65625,23643,True,40.3544,3.2284,1008450.2875,20422650.6026
LZ78_style,codon_conserved_variation_test.fasta,23643,14379,0.01657027378678322,0.003950930666178465,2.789870262145996,23.087890625,23643,True,60.8172,4.8654,1426832.1878,5984159.6823
LZSS,codon_conserved_variation_test.fasta,23643,9708,0.3365997700020671,0.001289845909923315,0.5467071533203125,1.0,23643,True,41.0608,3.2849,70240.6897,18330096.5008
2bit_pack,codon_conserved_variation_test.fasta,23643,5915,0.0011869180016219616,0.0012930938974022865,0.21965408325195312,0.0,23643,True,25.018,2.0014,19919657.4386,18284055.0462
gzip_lvl9,codon_conserved_variation_test.fasta,23643,3670,0.002083898987621069,6.124796345829964e-05,0.33213138580322266,0.0,23643,True,15.5226,1.2418,11345559.5211,386020998.3324
zlib_lvl9,codon_conserved_variation_test.fasta,23643,3658,0.0020193862728774548,3.977632150053978e-05,0.33213138580322266,0.0,23643,True,15.4718,1.2377,11708012.6361,594398856.1054
bz2_lvl9,codon_conserved_variation_test.fasta,23643,4291,0.0014080069959163666,0.0003086579963564873,7.250489234924316,0.0,23643,True,18.1491,1.4519,16791819.9757,76599343.8663
lzma_default,codon_conserved_variation_test.fasta,23643,2684,0.010350578930228949,0.0001434730365872383,93.1564884185791,0.0,23643,True,11.3522,0.9082,2284220.0576,164790545.7526
VCSDplus,large_test.fasta,20068,7863,0.07494272105395794,0.07185027375817299,12.736300468444824,509.6484375,20068,True,39.1818,3.1345,267777.8404,279303.0416
VCSDplus_entropy,large_test.fasta,20068,4856,0.0736651299521327,0.0719608822837472,12.28268814086914,509.6484375,20068,True,24.1977,1.9358,272421.9724,278873.7348
DNACompress,large_test.fasta,20068,14247,0.028235995210707188,0.0011536376550793648,4.757779121398926,149.9375,20068,True,70.9936,5.6795,710724.0191,17395409.9987
LZ78_style,large_test.fasta,20068,11945,0.006144542247056961,0.0032371357083320618,2.346456527709961,19.5947265625,20068,True,59.5226,4.7618,3265987.7975,6199307.6003
LZSS,large_test.fasta,20068,10312,0.3954455768689513,0.0012753983028233051,0.5434236526489258,1.0,20068,True,51.3853,4.1108,50747.8176,15734692.4138
2bit_pack,large_test.fasta,20068,5021,0.001008196733891964,0.001110950019210577,0.1938791275024414,0.0,20068,True,25.0199,2.0016,19904845.2801,18063818.9414
gzip_lvl9,large_test.fasta,20068,3490,0.0014054789207875729,4.411255940794945e-05,0.32531261444091797,0.0,20068,True,17.3909,1.3913,14278406.9567,454927128.9025
zlib_lvl9,large_test.fasta,20068,3478,0.001350743230432272,2.9919669032096863e-05,0.32531261444091797,0.0,20068,True,17.3311,1.3865,14857005.7935,670729344.5817
bz2_lvl9,large_test.fasta,20068,3181,0.0021920432336628437,0.00022052880376577377,7.242611885070801,0.0,20068,True,15.8511,1.2681,9154928.9229,90999450.6718
lzma_default,large_test.fasta,20068,3304,0.004846216179430485,0.00013684900477528572,93.15026092529297,0.0,20068,True,16.464,1.3171,4140962.6102,146643375.5434
VCSDplus,medium_test.fasta,7834,3019,0.02103784680366516,0.019944098312407732,3.8984994888305664,138.9921875,7834,True,38.5371,3.083,372376.5114,392797.9033
VCSDplus_entropy,medium_test.fasta,7834,1894,0.020982950925827026,0.01998040173202753,3.7225570678710938,138.9921875,7834,True,24.1767,1.9341,373350.7278,392084.2086
DNACompress,medium_test.fasta,7834,6891,0.010648692026734352,0.00046046730130910873,2.1431798934936523,61.1484375,7834,True,87.9627,7.037,735677.2062,17013151.5913
LZ78_style,medium_test.fasta,7834,5141,0.0024746358394622803,0.0013638949021697044,0.9788990020751953,7.6484375,7834,True,65.6242,5.2499,3165718.315,5743844.3296
LZSS,medium_test.fasta,7834,4195,0.15142199164256454,0.0005162423476576805,0.21751976013183594,1.0,7834,True,53.5486,4.2839,51736.2103,15175043.3407
2bit_pack,medium_test.fasta,7834,1963,0.0003947862423956394,0.00043440237641334534,0.07548809051513672,0.0,7834,True,25.0574,2.0046,19843649.9521,18033971.3256
gzip_lvl9,medium_test.fasta,7834,1475,0.00032059429213404655,3.190385177731514e-05,0.30197811126708984,0.0,7834,True,18.8282,1.5063,24435868.6109,245550288.2436
zlib_lvl9,medium_test.fasta,7834,1463,0.0002852650359272957,1.3792421668767929e-05,0.30197811126708984,0.0,7834,True,18.675,1.494,27462180.8261,567993075.3379
bz2_lvl9,medium_test.fasta,7834,1362,0.00046945782378315926,9.841704741120338e-05,7.21754264831543,0.0,7834,True,17.3858,1.3909,16687335.0557,79600030.7474
lzma_default,medium_test.fasta,7834,1472,0.0008277320303022861,6.550410762429237e-05,93.12517929077148,0.0,7834,True,18.7899,1.5032,9464415.6722,119595553.3801
VCSDplus,repetitive_codon_test.fasta,23171,8570,0.10158296301960945,0.09759179083630443,14.332351684570312,709.9970703125,23171,True,36.9859,2.9589,228099.2729,237427.757
VCSDplus_entropy,repetitive_codon_test.fasta,23171,2503,0.1021695421077311,0.09825504198670387,14.34981918334961,709.9970703125,23171,True,10.8023,0.8642,226789.7019,235825.0481
DNACompress,repetitive_codon_test.fasta,23171,1253,0.03426389582455158,0.0006192512810230255,1.4582099914550781,170.6484375,23171,True,5.4076,0.4326,676251.1805,37417766.7614
LZ78_style,repetitive_codon_test.fasta,23171,11368,0.0067601450718939304,0.003470352850854397,2.4239158630371094,22.626953125,23171,True,49.0613,3.9249,3427589.1647,6676842.6716
LZSS,repetitive_codon_test.fasta,23171,3394,0.1807932867668569,0.0007510120049118996,0.33203697204589844,1.0,23171,True,14.6476,1.1718,128162.9446,30853035.4355
2bit_pack,repetitive_codon_test.fasta,23171,5797,0.0011452366597950459,0.0012677661143243313,0.2189788818359375,0.0,23171,True,25.0183,2.0015,20232499.3719,18277030.5486
gzip_lvl9,repetitive_codon_test.fasta,23171,326,0.0001578889787197113,3.046402707695961e-05,0.33123111724853516,0.0,23171,True,1.4069,0.1126,146755018.5446,760602002.5345
zlib_lvl9,repetitive_codon_test.fasta,23171,314,0.00013782503083348274,1.662410795688629e-05,0.33123111724853516,0.0,23171,True,1.3551,0.1084,168118953.864,1393819148.6781
bz2_lvl9,repetitive_codon_test.fasta,23171,532,0.0022189700976014137,0.00011579273268580437,7.246004104614258,0.0,23171,True,2.296,0.1837,10442231.7475,200107549.6065
lzma_default,repetitive_codon_test.fasta,23171,376,0.00259951688349247,5.7375989854335785e-05,93.15338706970215,0.0,23171,True,1.6227,0.1298,8913579.3451,403844884.5732
VCSDplus,small_test.fasta,2484,907,0.007830454967916012,0.007477603852748871,1.4214143753051758,52.4833984375,2484,True,36.5137,2.9211,317222.9468,332191.9761
VCSDplus_entropy,small_test.fasta,2484,476,0.0075229168869555,0.00728466035798192,1.4221649169921875,52.4833984375,2484,True,19.1626,1.533,330191.0731,340990.503
DNACompress,small_test.fasta,2484,1767,0.0030531506054103374,0.00012288102880120277,0.5526819229125977,19.3515625,2484,True,71.1353,5.6908,813585.8073,20214674.5045
LZ78_style,small_test.fasta,2484,1713,0.0007666922174394131,0.0004596179351210594,0.35128211975097656,2.419921875,2484,True,68.9614,5.5169,3239892.0238,5404488.8378
LZSS,small_test.fasta,2484,1065,0.03336009895429015,0.0001460649073123932,0.05985069274902344,1.0,2484,True,42.8744,3.43,74460.2108,17006138.2005
2bit_pack,small_test.fasta,2484,625,0.00013430463150143623,0.0001444173976778984,0.023308753967285156,0.0,2484,True,25.161,2.0129,18495266.8589,17200143.7496
gzip_lvl9,small_test.fasta,2484,381,5.84959052503109e-05,2.2959895431995392e-05,0.29177379608154297,0.0,2484,True,15.3382,1.2271,42464510.7956,108188646.0397
zlib_lvl9,small_test.fasta,2484,369,2.9664020985364914e-05,5.791895091533661e-06,0.29177379608154297,0.0,2484,True,14.8551,1.1884,83737804.8386,428875171.3806
bz2_lvl9,small_test.fasta,2484,388,0.0001674252562224865,3.511970862746239e-05,7.206409454345703,0.0,2484,True,15.62,1.2496,14836471.2472,70729516.1913
lzma_default,small_test.fasta,2484,456,0.004803671035915613,3.232015296816826e-05,93.11400604248047,0.0,2484,True,18.3575,1.4686,517104.5189,76856071.8895
VCSDplus,phiX174.fasta,5386,1812,0.21740135364234447,0.21749538695439696,26.072921752929688,1574.1318359375,5386,True,33.6428,2.6914,24774.4548,24763.7436
VCSDplus_entropy,phiX174.fasta,5386,1398,0.21713101724162698,0.21719856886193156,26.07601547241211,1574.1318359375,5386,True,25.9562,2.0765,24805.2999,24797.5851
DNACompress,phiX174.fasta,5386,7780,0.014422550797462463,0.0004771859385073185,2.282754898071289,42.0234375,5386,True,144.4486,11.5559,373442.9558,11287004.8452
LZ78_style,phiX174.fasta,5386,3951,0.0017487597651779652,0.0009695729240775108,0.7630157470703125,5.2568359375,5386,True,73.3569,5.8685,3079897.026,5555023.1099
LZSS,phiX174.fasta,5386,4292,0.1278304192237556,0.0004676021635532379,0.20067501068115234,1.0,5386,True,79.6881,6.375,42133.9462,11518338.4933
2bit_pack,phiX174.fasta,5386,1351,0.00028355279937386513,0.00030481768772006035,0.05285167694091797,0.0,5386,True,25.0835,2.0067,18994698.7365,17669578.2987
gzip_lvl9,phiX174.fasta,5386,1710,0.00034848228096961975,3.179209306836128e-05,0.29730892181396484,0.0,5386,True,31.749,2.5399,15455592.1323,169413193.0357
zlib_lvl9,phiX174.fasta,5386,1698,0.0003153928555548191,1.3729091733694077e-05,0.29730892181396484,0.0,5386,True,31.5262,2.5221,17077114.7955,392305631.3173
bz2_lvl9,phiX174.fasta,5386,1540,0.0003453618846833706,9.518396109342575e-05,7.213043212890625,0.0,5386,True,28.5926,2.2874,15595235.719,56585163.489
lzma_default,phiX174.fasta,5386,1752,0.005337961949408054,7.164804264903069e-05,93.12077713012695,0.0,5386,True,32.5288,2.6023,1008999.3243,75173023.5867
VCSDplus,lambda_phage.fasta,48502,16185,18.146063110791147,17.852119638118893,2007.5064973831177,127630.8876953125,48502,True,33.3698,2.6696,2672.8663,2716.8763
VCSDplus_entropy,lambda_phage.fasta,48502,12294,17.83893910003826,17.60676964512095,2007.5307836532593,127630.8876953125,48502,True,25.3474,2.0278,2718.8837,2754.7359
DNACompress,lambda_phage.fasta,48502,47345,0.048977543134242296,0.004427318926900625,14.19629955291748,378.8671875,48502,True,97.6145,7.8092,990290.5882,10955162.8877
LZ78_style,lambda_phage.fasta,48502,30165,0.015216408763080835,0.008850173093378544,5.569648742675781,47.361328125,48502,True,62.1933,4.9755,3187480.0917,5480344.7897
LZSS,lambda_phage.fasta,48502,37363,1.2491248142905533,0.0041880239732563496,1.728128433227539,1.0,48502,True,77.0339,6.1627,38828.7859,11581118.0427
2bit_pack,lambda_phage.fasta,48502,12130,0.002451667096465826,0.0026701781898736954,0.4462251663208008,0.0,48502,True,25.0093,2.0007,19783273.2143,18164330.824
gzip_lvl9,lambda_phage.fasta,48502,14383,0.016262201126664877,0.000108400359749794,0.3795461654663086,0.0,48502,True,29.6544,2.3724,2982499.0862,447433939.444
zlib_lvl9,lambda_phage.fasta,48502,14371,0.016100329346954823,9.611155837774277e-05,0.3795461654663086,0.0,48502,True,29.6297,2.3704,3012484.9595,504642738.2789
bz2_lvl9,lambda_phage.fasta,48502,13249,0.0023499871604144573,0.0007994677871465683,7.3064470291137695,0.0,48502,True,27.3164,2.1853,20639261.7019,60667860.2688
lzma_default,lambda_phage.fasta,48502,13468,0.007612759247422218,0.0004284298047423363,93.21418762207031,0.0,48502,True,27.7679,2.2214,6371145.9175,113208743.7968
